,#,Jugadores,Min,Pts,TC,2 Pts,3 Pts,TL,REBO,REBD,REB,AST,FP,TO,ROB,BLQ,+/-,EFF,TCc,TCi,2Pc,2Pi,3Pc,3Pi,TLc,TLi,game,Res,PTS_OPP,TCi_OPP,TCc_OPP,2Pi_OPP,2Pc_OPP,3Pi_OPP,3Pc_OPP,TLi_OPP,TLc_OPP,RO_OPP,RD_OPP,AST_OPP,TO_OPP,ROB_OPP,FP_OPP
13,Totales,Angola,200,67.0,23/65  35.4%,19/35  54.3%,4/30  13.3%,17/22  77.3%,15,26,41,13.0,28,15,8.0,2.0,-14.0,65.0,23.0,65.0,19.0,35.0,4.0,30.0,17.0,22.0,/es/basketballworldcup/2023/game/2508/Angola-Italy,0.0,81.0,60.0,25.0,29.0,20.0,31.0,5.0,30.0,26.0,11.0,30.0,22.0,11.0,5.0,18.0
13,Totales,Italia,200,81.0,25/60  41.7%,20/29  69%,5/31  16.1%,26/30  86.7%,11.0,30.0,41.0,22.0,18.0,11.0,5.0,6.0,14,100,25.0,60.0,20.0,29.0,5.0,31.0,26.0,30.0,/es/basketballworldcup/2023/game/2508/Angola-Italy,1.0,67.0,65.0,23.0,35.0,19.0,30.0,4.0,22.0,17.0,15.0,26.0,13.0,15.0,8.0,28.0
13,Totales,Finlandia,200,72.0,27/66  40.9%,21/40  52.5%,6/26  23.1%,12/16  75%,11,23,34,17.0,21,19,6.0,3.0,-26.0,62.0,27.0,66.0,21.0,40.0,6.0,26.0,12.0,16.0,/es/basketballworldcup/2023/game/2508/Finland-Australia,0.0,98.0,73.0,37.0,47.0,29.0,26.0,8.0,17.0,16.0,11.0,30.0,23.0,12.0,12.0,23.0
13,Totales,Australia,200,98.0,37/73  50.7%,29/47  61.7%,8/26  30.8%,16/17  94.1%,11,30,41,23.0,23,12,12.0,4.0,26.0,126.0,37.0,73.0,29.0,47.0,8.0,26.0,16.0,17.0,/es/basketballworldcup/2023/game/2508/Finland-Australia,1.0,72.0,66.0,27.0,40.0,21.0,26.0,6.0,16.0,12.0,11.0,23.0,17.0,19.0,6.0,21.0
13,Totales,México,200,71.0,25/56  44.6%,19/37  51.4%,6/19  31.6%,15/19  78.9%,6.0,22.0,28.0,20.0,19.0,16.0,5.0,0.0,-20,72,25.0,56.0,19.0,37.0,6.0,19.0,15.0,19.0,/es/basketballworldcup/2023/game/2508/México-Montenegro,0.0,91.0,64.0,33.0,33.0,19.0,31.0,14.0,15.0,11.0,9.0,26.0,20.0,11.0,8.0,18.0
13,Totales,Montenegro,200,91.0,33/64  51.6%,19/33  57.6%,14/31  45.2%,11/15  73.3%,9.0,26.0,35.0,20.0,18.0,11.0,8.0,2.0,20,106,33.0,64.0,19.0,33.0,14.0,31.0,11.0,15.0,/es/basketballworldcup/2023/game/2508/México-Montenegro,1.0,71.0,56.0,25.0,37.0,19.0,19.0,6.0,19.0,15.0,6.0,22.0,20.0,16.0,5.0,19.0
13,Totales,Letonia,200,109.0,42/71  59.2%,24/36  66.7%,18/35  51.4%,7/11  63.6%,11,23,34,34.0,13,5,6.0,1.0,39.0,145.0,42.0,71.0,24.0,36.0,18.0,35.0,7.0,11.0,/es/basketballworldcup/2023/game/2508/Latvia-Lebanon,1.0,70.0,61.0,27.0,37.0,20.0,24.0,7.0,11.0,9.0,10.0,17.0,16.0,14.0,3.0,16.0
13,Totales,Líbano,200,70.0,27/61  44.3%,20/37  54.1%,7/24  29.2%,9/11  81.8%,10.0,17.0,27.0,16.0,16.0,14.0,3.0,0.0,-39,61,27.0,61.0,20.0,37.0,7.0,24.0,9.0,11.0,/es/basketballworldcup/2023/game/2508/Latvia-Lebanon,0.0,109.0,71.0,42.0,36.0,24.0,35.0,18.0,11.0,7.0,11.0,23.0,34.0,5.0,6.0,13.0
13,Totales,República Dominicana,200,87.0,29/73  39.7%,23/45  51.1%,6/28  21.4%,23/34  67.6%,17.0,26.0,43.0,18.0,22.0,12.0,11.0,3.0,6,94,29.0,73.0,23.0,45.0,6.0,28.0,23.0,34.0,/es/basketballworldcup/2023/game/2508/Dominican-Republic-Philippines,1.0,81.0,56.0,27.0,38.0,21.0,18.0,6.0,27.0,21.0,3.0,32.0,16.0,19.0,7.0,28.0
13,Totales,Filipinas,200,81.0,27/56  48.2%,21/38  55.3%,6/18  33.3%,21/27  77.8%,3.0,32.0,35.0,16.0,28.0,19.0,7.0,5.0,-6,89,27.0,56.0,21.0,38.0,6.0,18.0,21.0,27.0,/es/basketballworldcup/2023/game/2508/Dominican-Republic-Philippines,0.0,87.0,73.0,29.0,45.0,23.0,28.0,6.0,34.0,23.0,17.0,26.0,18.0,12.0,11.0,22.0
13,Totales,Alemania,200,81.0,34/72  47.2%,28/39  71.8%,6/33  18.2%,7/9  77.8%,11,36,47,21.0,12,10,7.0,4.0,18.0,108.0,34.0,72.0,28.0,39.0,6.0,33.0,7.0,9.0,/es/basketballworldcup/2023/game/2508/Germany-Japan,1.0,63.0,65.0,23.0,30.0,17.0,35.0,6.0,17.0,11.0,8.0,28.0,17.0,13.0,5.0,16.0
13,Totales,Japón,200,63.0,23/65  35.4%,17/30  56.7%,6/35  17.1%,11/17  64.7%,8,28,36,17.0,16,13,5.0,3.0,-18.0,58.0,23.0,65.0,17.0,30.0,6.0,35.0,11.0,17.0,/es/basketballworldcup/2023/game/2508/Germany-Japan,0.0,81.0,72.0,34.0,39.0,28.0,33.0,6.0,9.0,7.0,11.0,36.0,21.0,10.0,7.0,12.0
13,Totales,Egipto,200,67.0,27/64  42.2%,23/49  46.9%,4/15  26.7%,9/19  47.4%,11,23,34,12.0,22,10,6.0,1.0,-26.0,58.0,27.0,64.0,23.0,49.0,4.0,15.0,9.0,19.0,/es/basketballworldcup/2023/game/2508/Egipto-Lituania,0.0,93.0,76.0,32.0,40.0,21.0,36.0,11.0,23.0,18.0,22.0,31.0,24.0,11.0,2.0,20.0
13,Totales,Lituania,200,93.0,32/76  42.1%,21/40  52.5%,11/36  30.6%,18/23  78.3%,22,31,53,24.0,20,11,2.0,2.0,26.0,110.0,32.0,76.0,21.0,40.0,11.0,36.0,18.0,23.0,/es/basketballworldcup/2023/game/2508/Egipto-Lituania,1.0,67.0,64.0,27.0,49.0,23.0,15.0,4.0,19.0,9.0,11.0,23.0,12.0,10.0,6.0,22.0
13,Totales,Canadá,200,95.0,32/73  43.8%,21/37  56.8%,11/36  30.6%,20/27  74.1%,15,30,45,20.0,17,10,9.0,2.0,30.0,111.0,32.0,73.0,21.0,37.0,11.0,36.0,20.0,27.0,/es/basketballworldcup/2023/game/2508/Canada-France,1.0,65.0,60.0,25.0,32.0,19.0,28.0,6.0,13.0,9.0,6.0,29.0,14.0,17.0,8.0,24.0
13,Totales,Francia,200,65.0,25/60  41.7%,19/32  59.4%,6/28  21.4%,9/13  69.2%,6,29,35,14.0,24,17,8.0,4.0,-30.0,69.0,25.0,60.0,19.0,32.0,6.0,28.0,9.0,13.0,/es/basketballworldcup/2023/game/2508/Canada-France,0.0,95.0,73.0,32.0,37.0,21.0,36.0,11.0,27.0,20.0,15.0,30.0,20.0,10.0,9.0,17.0
13,Totales,Sudán del Sur,225,96.0,34/67  50.7%,24/41  58.5%,10/26  38.5%,18/24  75%,10.0,28.0,38.0,23.0,23.0,21.0,10.0,4.0,-5,111,34.0,67.0,24.0,41.0,10.0,26.0,18.0,24.0,/es/basketballworldcup/2023/game/2608/South-Sudan-Puerto-Rico,0.0,101.0,82.0,35.0,54.0,25.0,28.0,10.0,31.0,21.0,23.0,27.0,22.0,20.0,13.0,16.0
13,Totales,Puerto Rico,225,101.0,35/82  42.7%,25/54  46.3%,10/28  35.7%,21/31  67.7%,23.0,27.0,50.0,22.0,16.0,20.0,13.0,3.0,5,111,35.0,82.0,25.0,54.0,10.0,28.0,21.0,31.0,/es/basketballworldcup/2023/game/2608/South-Sudan-Puerto-Rico,1.0,96.0,67.0,34.0,41.0,24.0,26.0,10.0,24.0,18.0,10.0,28.0,23.0,21.0,10.0,23.0
13,Totales,Cabo Verde,200,60.0,21/71  29.6%,18/45  40%,3/26  11.5%,15/21  71.4%,18.0,20.0,38.0,15.0,26.0,15.0,11.0,3.0,-25,55,21.0,71.0,18.0,45.0,3.0,26.0,15.0,21.0,/es/basketballworldcup/2023/game/2608/Cape-Verde-Georgia,0.0,85.0,60.0,28.0,41.0,21.0,19.0,7.0,24.0,22.0,11.0,37.0,23.0,22.0,9.0,21.0
13,Totales,Georgia,200,85.0,28/60  46.7%,21/41  51.2%,7/19  36.8%,22/24  91.7%,11,37,48,23.0,21,22,9.0,1.0,25.0,104.0,28.0,60.0,21.0,41.0,7.0,19.0,22.0,24.0,/es/basketballworldcup/2023/game/2608/Cape-Verde-Georgia,1.0,60.0,71.0,21.0,45.0,18.0,26.0,3.0,21.0,15.0,18.0,20.0,15.0,15.0,11.0,26.0
13,Totales,Jordania,200,71.0,23/56  41.1%,15/36  41.7%,8/20  40%,17/25  68%,11.0,20.0,31.0,17.0,20.0,14.0,5.0,1.0,-21,70,23.0,56.0,15.0,36.0,8.0,20.0,17.0,25.0,/es/basketballworldcup/2023/game/2608/Jordan-Greece,0.0,92.0,68.0,35.0,36.0,23.0,32.0,12.0,18.0,10.0,17.0,24.0,24.0,11.0,9.0,20.0
13,Totales,Grecia,200,92.0,35/68  51.5%,23/36  63.9%,12/32  37.5%,10/18  55.6%,17.0,24.0,41.0,24.0,20.0,11.0,9.0,5.0,21,114,35.0,68.0,23.0,36.0,12.0,32.0,10.0,18.0,/es/basketballworldcup/2023/game/2608/Jordan-Greece,1.0,71.0,56.0,23.0,36.0,15.0,20.0,8.0,25.0,17.0,11.0,20.0,17.0,14.0,5.0,20.0
13,Totales,Irán,200,59.0,24/65  36.9%,16/36  44.4%,8/29  27.6%,3/8  37.5%,8,21,29,17.0,20,19,7.0,1.0,-41.0,46.0,24.0,65.0,16.0,36.0,8.0,29.0,3.0,8.0,/es/basketballworldcup/2023/game/2608/Iran-Brazil,0.0,100.0,64.0,35.0,30.0,21.0,34.0,14.0,21.0,16.0,8.0,34.0,25.0,15.0,12.0,11.0
13,Totales,Brasil,200,100.0,35/64  54.7%,21/30  70%,14/34  41.2%,16/21  76.2%,8,34,42,25.0,11,15,12.0,3.0,41.0,129.0,35.0,64.0,21.0,30.0,14.0,34.0,16.0,21.0,/es/basketballworldcup/2023/game/2608/Iran-Brazil,1.0,59.0,65.0,24.0,36.0,16.0,29.0,8.0,8.0,3.0,8.0,21.0,17.0,19.0,7.0,20.0
13,Totales,Eslovenia,200,100.0,33/56  58.9%,22/28  78.6%,11/28  39.3%,23/30  76.7%,12.0,27.0,39.0,17.0,20.0,16.0,4.0,1.0,15,112,33.0,56.0,22.0,28.0,11.0,28.0,23.0,30.0,/es/basketballworldcup/2023/game/2608/Slovenia-Venezuela,1.0,85.0,67.0,31.0,27.0,15.0,40.0,16.0,11.0,7.0,10.0,13.0,20.0,14.0,9.0,26.0
13,Totales,Venezuela,200,85.0,31/67  46.3%,15/27  55.6%,16/40  40%,7/11  63.6%,10,13,23,20.0,26,14,9.0,0.0,-15.0,81.0,31.0,67.0,15.0,27.0,16.0,40.0,7.0,11.0,/es/basketballworldcup/2023/game/2608/Slovenia-Venezuela,0.0,100.0,56.0,33.0,28.0,22.0,28.0,11.0,30.0,23.0,12.0,27.0,17.0,16.0,4.0,20.0
13,Totales,Serbia,200,105.0,34/59  57.6%,21/31  67.7%,13/28  46.4%,24/28  85.7%,6,27,33,30.0,12,12,14.0,4.0,42.0,143.0,34.0,59.0,21.0,31.0,13.0,28.0,24.0,28.0,/es/basketballworldcup/2023/game/2608/Serbia-China,1.0,63.0,63.0,24.0,34.0,16.0,29.0,8.0,12.0,7.0,11.0,22.0,17.0,21.0,8.0,20.0
13,Totales,China,200,63.0,24/63  38.1%,16/34  47.1%,8/29  27.6%,7/12  58.3%,11,22,33,17.0,20,21,8.0,1.0,-42.0,55.0,24.0,63.0,16.0,34.0,8.0,29.0,7.0,12.0,/es/basketballworldcup/2023/game/2608/Serbia-China,0.0,105.0,59.0,34.0,31.0,21.0,28.0,13.0,28.0,24.0,6.0,27.0,30.0,12.0,14.0,12.0
13,Totales,USA,200,99.0,35/59  59.3%,27/41  65.9%,8/18  44.4%,21/27  77.8%,5,36,41,23.0,17,19,10.0,7.0,27.0,127.0,35.0,59.0,27.0,41.0,8.0,18.0,21.0,27.0,/es/basketballworldcup/2023/game/2608/USA-New-Zealand,1.0,72.0,74.0,27.0,46.0,18.0,28.0,9.0,12.0,9.0,11.0,22.0,13.0,19.0,7.0,23.0
13,Totales,Nueva Zelanda,200,72.0,27/74  36.5%,18/46  39.1%,9/28  32.1%,9/12  75%,11,22,33,13.0,23,19,7.0,0.0,-27.0,49.0,27.0,74.0,18.0,46.0,9.0,28.0,9.0,12.0,/es/basketballworldcup/2023/game/2608/USA-New-Zealand,0.0,99.0,59.0,35.0,41.0,27.0,18.0,8.0,27.0,21.0,5.0,36.0,23.0,19.0,10.0,17.0
13,Totales,España,200,94.0,34/64  53.1%,23/35  65.7%,11/29  37.9%,15/22  68.2%,17,31,48,29.0,15,18,7.0,5.0,30.0,123.0,34.0,64.0,23.0,35.0,11.0,29.0,15.0,22.0,/es/basketballworldcup/2023/game/2608/Spain-Cote-d-Ivoire,1.0,64.0,63.0,25.0,37.0,16.0,26.0,9.0,7.0,5.0,7.0,19.0,15.0,14.0,11.0,23.0
13,Totales,Costa de Marfil,200,64.0,25/63  39.7%,16/37  43.2%,9/26  34.6%,5/7  71.4%,7,19,26,15.0,23,14,11.0,1.0,-30.0,60.0,25.0,63.0,16.0,37.0,9.0,26.0,5.0,7.0,/es/basketballworldcup/2023/game/2608/Spain-Cote-d-Ivoire,0.0,94.0,64.0,34.0,35.0,23.0,29.0,11.0,22.0,15.0,17.0,31.0,29.0,18.0,7.0,15.0
13,Totales,Italia,200,82.0,29/67  43.3%,22/38  57.9%,7/29  24.1%,17/18  94.4%,9.0,27.0,36.0,14.0,23.0,7.0,5.0,3.0,-5,87,29.0,67.0,22.0,38.0,7.0,29.0,17.0,18.0,/es/basketballworldcup/2023/game/2708/Italy-Dominican-Republic,0.0,87.0,66.0,29.0,27.0,13.0,39.0,16.0,17.0,13.0,10.0,27.0,22.0,13.0,4.0,21.0
13,Totales,República Dominicana,200,87.0,29/66  43.9%,13/27  48.1%,16/39  41%,13/17  76.5%,10.0,27.0,37.0,22.0,21.0,13.0,4.0,2.0,5,97,29.0,66.0,13.0,27.0,16.0,39.0,13.0,17.0,/es/basketballworldcup/2023/game/2708/Italy-Dominican-Republic,1.0,82.0,67.0,29.0,38.0,22.0,29.0,7.0,18.0,17.0,9.0,27.0,14.0,7.0,5.0,23.0
13,Totales,Australia,200,82.0,32/59  54.2%,23/40  57.5%,9/19  47.4%,9/16  56.2%,8.0,24.0,32.0,18.0,16.0,13.0,4.0,3.0,-3,89,32.0,59.0,23.0,40.0,9.0,19.0,9.0,16.0,/es/basketballworldcup/2023/game/2708/Australia-Germany,0.0,85.0,61.0,31.0,31.0,20.0,30.0,11.0,15.0,12.0,6.0,21.0,18.0,13.0,9.0,19.0
13,Totales,Alemania,200,85.0,31/61  50.8%,20/31  64.5%,11/30  36.7%,12/15  80%,6.0,21.0,27.0,18.0,19.0,13.0,9.0,3.0,3,95,31.0,61.0,20.0,31.0,11.0,30.0,12.0,15.0,/es/basketballworldcup/2023/game/2708/Australia-Germany,1.0,82.0,59.0,32.0,40.0,23.0,19.0,9.0,16.0,9.0,8.0,24.0,18.0,13.0,4.0,16.0
13,Totales,Montenegro,200,89.0,34/68  50%,28/49  57.1%,6/19  31.6%,15/17  88.2%,11.0,27.0,38.0,16.0,16.0,16.0,15.0,4.0,15,108,34.0,68.0,28.0,49.0,6.0,19.0,15.0,17.0,/es/basketballworldcup/2023/game/2708/Montenegro-Egypt,1.0,74.0,65.0,27.0,36.0,19.0,29.0,8.0,16.0,12.0,10.0,24.0,17.0,22.0,10.0,17.0
13,Totales,Egipto,200,74.0,27/65  41.5%,19/36  52.8%,8/29  27.6%,12/16  75%,10.0,24.0,34.0,17.0,17.0,22.0,10.0,4.0,-15,72,27.0,65.0,19.0,36.0,8.0,29.0,12.0,16.0,/es/basketballworldcup/2023/game/2708/Montenegro-Egypt,0.0,89.0,68.0,34.0,49.0,28.0,19.0,6.0,17.0,15.0,11.0,27.0,16.0,16.0,15.0,16.0
13,Totales,Líbano,200,73.0,30/62  48.4%,22/43  51.2%,8/19  42.1%,5/5  100%,8,10,18,19.0,18,22,12.0,1.0,-55.0,67.0,30.0,62.0,22.0,43.0,8.0,19.0,5.0,5.0,/es/basketballworldcup/2023/game/2708/Lebanon-Canada,0.0,128.0,70.0,50.0,40.0,32.0,30.0,18.0,14.0,10.0,12.0,24.0,44.0,15.0,13.0,11.0
13,Totales,Canadá,200,128.0,50/70  71.4%,32/40  80%,18/30  60%,10/14  71.4%,12.0,24.0,36.0,44.0,11.0,15.0,13.0,1.0,55,182,50.0,70.0,32.0,40.0,18.0,30.0,10.0,14.0,/es/basketballworldcup/2023/game/2708/Lebanon-Canada,1.0,73.0,62.0,30.0,43.0,22.0,19.0,8.0,5.0,5.0,8.0,10.0,19.0,22.0,12.0,18.0
13,Totales,Filipinas,200,70.0,27/63  42.9%,23/41  56.1%,4/22  18.2%,12/15  80%,12,27,39,17.0,18,15,2.0,3.0,-10.0,75.0,27.0,63.0,23.0,41.0,4.0,22.0,12.0,15.0,/es/basketballworldcup/2023/game/2708/Philippines-Angola,0.0,80.0,72.0,27.0,41.0,18.0,31.0,9.0,23.0,17.0,20.0,23.0,17.0,11.0,10.0,25.0
13,Totales,Angola,200,80.0,27/72  37.5%,18/41  43.9%,9/31  29%,17/23  73.9%,20,23,43,17.0,25,11,10.0,4.0,10.0,84.0,27.0,72.0,18.0,41.0,9.0,31.0,17.0,23.0,/es/basketballworldcup/2023/game/2708/Philippines-Angola,1.0,70.0,63.0,27.0,41.0,23.0,22.0,4.0,15.0,12.0,12.0,27.0,17.0,15.0,2.0,18.0
13,Totales,Japón,200,98.0,30/58  51.7%,19/30  63.3%,11/28  39.3%,27/34  79.4%,9.0,27.0,36.0,24.0,19.0,14.0,9.0,4.0,10,116,30.0,58.0,19.0,30.0,11.0,28.0,27.0,34.0,/es/basketballworldcup/2023/game/2708/Japan-Finland,1.0,88.0,70.0,32.0,41.0,20.0,29.0,12.0,14.0,12.0,13.0,22.0,28.0,13.0,8.0,24.0
13,Totales,Finlandia,200,88.0,32/70  45.7%,20/41  48.8%,12/29  41.4%,12/14  85.7%,13.0,22.0,35.0,28.0,24.0,13.0,8.0,2.0,-10,101,32.0,70.0,20.0,41.0,12.0,29.0,12.0,14.0,/es/basketballworldcup/2023/game/2708/Japan-Finland,0.0,98.0,58.0,30.0,30.0,19.0,28.0,11.0,34.0,27.0,9.0,27.0,24.0,14.0,9.0,19.0
13,Totales,Lituania,200,96.0,38/66  57.6%,28/43  65.1%,10/23  43.5%,10/13  76.9%,8,39,47,23.0,15,14,5.0,7.0,30.0,132.0,38.0,66.0,28.0,43.0,10.0,23.0,10.0,13.0,/es/basketballworldcup/2023/game/2708/Lituania-México,1.0,66.0,73.0,26.0,49.0,19.0,24.0,7.0,9.0,7.0,9.0,20.0,19.0,11.0,9.0,16.0
13,Totales,México,200,66.0,26/73  35.6%,19/49  38.8%,7/24  29.2%,7/9  77.8%,9.0,20.0,29.0,19.0,16.0,11.0,9.0,2.0,-30,65,26.0,73.0,19.0,49.0,7.0,24.0,7.0,9.0,/es/basketballworldcup/2023/game/2708/Lituania-México,0.0,96.0,66.0,38.0,43.0,28.0,23.0,10.0,13.0,10.0,8.0,39.0,23.0,14.0,5.0,15.0
13,Totales,Francia,200,86.0,26/50  52%,12/23  52.2%,14/27  51.9%,20/24  83.3%,10.0,21.0,31.0,23.0,19.0,20.0,6.0,3.0,-2,97,26.0,50.0,12.0,23.0,14.0,27.0,20.0,24.0,/es/basketballworldcup/2023/game/2708/France-Latvia,0.0,88.0,61.0,32.0,26.0,18.0,35.0,14.0,16.0,10.0,10.0,15.0,20.0,14.0,13.0,21.0
13,Totales,Letonia,200,88.0,32/61  52.5%,18/26  69.2%,14/35  40%,10/16  62.5%,10,15,25,20.0,21,14,13.0,2.0,2.0,95.0,32.0,61.0,18.0,26.0,14.0,35.0,10.0,16.0,/es/basketballworldcup/2023/game/2708/France-Latvia,1.0,86.0,50.0,26.0,23.0,12.0,27.0,14.0,24.0,20.0,10.0,21.0,23.0,20.0,6.0,19.0
13,Totales,China,200,69.0,24/52  46.2%,16/32  50%,8/20  40%,13/21  61.9%,6.0,22.0,28.0,16.0,23.0,11.0,3.0,5.0,-20,70,24.0,52.0,16.0,32.0,8.0,20.0,13.0,21.0,/es/basketballworldcup/2023/game/2808/China-South-Sudan,0.0,89.0,60.0,29.0,30.0,14.0,30.0,15.0,24.0,16.0,10.0,24.0,17.0,5.0,4.0,20.0
13,Totales,Sudán del Sur,200,89.0,29/60  48.3%,14/30  46.7%,15/30  50%,16/24  66.7%,10.0,24.0,34.0,17.0,20.0,5.0,4.0,3.0,20,98,29.0,60.0,14.0,30.0,15.0,30.0,16.0,24.0,/es/basketballworldcup/2023/game/2808/China-South-Sudan,1.0,69.0,52.0,24.0,32.0,16.0,20.0,8.0,21.0,13.0,6.0,22.0,16.0,11.0,3.0,23.0
13,Totales,Venezuela,200,75.0,24/63  38.1%,12/31  38.7%,12/32  37.5%,15/20  75%,9.0,27.0,36.0,17.0,24.0,14.0,6.0,1.0,-6,71,24.0,63.0,12.0,31.0,12.0,32.0,15.0,20.0,/es/basketballworldcup/2023/game/2808/Venezuela-Cape-Verde,0.0,81.0,59.0,27.0,33.0,16.0,26.0,11.0,27.0,16.0,10.0,32.0,14.0,11.0,9.0,18.0
13,Totales,Cabo Verde,200,81.0,27/59  45.8%,16/33  48.5%,11/26  42.3%,16/27  59.3%,10.0,32.0,42.0,14.0,18.0,11.0,9.0,4.0,6,91,27.0,59.0,16.0,33.0,11.0,26.0,16.0,27.0,/es/basketballworldcup/2023/game/2808/Venezuela-Cape-Verde,1.0,75.0,63.0,24.0,31.0,12.0,32.0,12.0,20.0,15.0,9.0,27.0,17.0,14.0,6.0,24.0
13,Totales,Nueva Zelanda,225,95.0,33/70  47.1%,20/45  44.4%,13/25  52%,16/21  76.2%,10,27,37,22.0,25,15,9.0,1.0,8.0,100.0,33.0,70.0,20.0,45.0,13.0,25.0,16.0,21.0,/es/basketballworldcup/2023/game/2808/New-Zealand-Jordan,1.0,87.0,68.0,29.0,44.0,23.0,24.0,6.0,31.0,23.0,14.0,30.0,22.0,18.0,10.0,27.0
13,Totales,Jordania,225,87.0,29/68  42.6%,23/44  52.3%,6/24  25%,23/31  74.2%,14.0,30.0,44.0,22.0,27.0,18.0,10.0,2.0,-8,98,29.0,68.0,23.0,44.0,6.0,24.0,23.0,31.0,/es/basketballworldcup/2023/game/2808/New-Zealand-Jordan,0.0,95.0,70.0,33.0,45.0,20.0,25.0,13.0,21.0,16.0,10.0,27.0,22.0,15.0,9.0,25.0
13,Totales,Costa de Marfil,200,71.0,22/59  37.3%,15/37  40.5%,7/22  31.8%,20/21  95.2%,12.0,23.0,35.0,15.0,15.0,12.0,9.0,2.0,2,78,22.0,59.0,15.0,37.0,7.0,22.0,20.0,21.0,/es/basketballworldcup/2023/game/2808/Cote-d-Ivoire-Iran,1.0,69.0,57.0,24.0,29.0,14.0,28.0,10.0,15.0,11.0,10.0,25.0,20.0,14.0,6.0,22.0
13,Totales,Irán,200,69.0,24/57  42.1%,14/29  48.3%,10/28  35.7%,11/15  73.3%,10.0,25.0,35.0,20.0,22.0,14.0,6.0,3.0,-2,79,24.0,57.0,14.0,29.0,10.0,28.0,11.0,15.0,/es/basketballworldcup/2023/game/2808/Cote-d-Ivoire-Iran,0.0,71.0,59.0,22.0,37.0,15.0,22.0,7.0,21.0,20.0,12.0,23.0,15.0,12.0,9.0,15.0
13,Totales,Georgia,200,67.0,23/55  41.8%,15/29  51.7%,8/26  30.8%,13/19  68.4%,7.0,25.0,32.0,20.0,28.0,17.0,6.0,1.0,-21,69,23.0,55.0,15.0,29.0,8.0,26.0,13.0,19.0,/es/basketballworldcup/2023/game/2808/Georgia-Slovenia,0.0,88.0,58.0,26.0,26.0,15.0,32.0,11.0,33.0,25.0,10.0,30.0,19.0,13.0,9.0,26.0
13,Totales,Eslovenia,200,88.0,26/58  44.8%,15/26  57.7%,11/32  34.4%,25/33  75.8%,10,30,40,19.0,26,13,9.0,1.0,21.0,104.0,26.0,58.0,15.0,26.0,11.0,32.0,25.0,33.0,/es/basketballworldcup/2023/game/2808/Georgia-Slovenia,1.0,67.0,55.0,23.0,29.0,15.0,26.0,8.0,19.0,13.0,7.0,25.0,20.0,17.0,6.0,28.0
13,Totales,Puerto Rico,200,77.0,27/74  36.5%,12/36  33.3%,15/38  39.5%,8/9  88.9%,14,23,37,21.0,20,15,6.0,1.0,-17.0,77.0,27.0,74.0,12.0,36.0,15.0,38.0,8.0,9.0,/es/basketballworldcup/2023/game/2808/Puerto-Rico-Serbia,0.0,94.0,67.0,35.0,42.0,27.0,25.0,8.0,21.0,16.0,9.0,32.0,25.0,13.0,8.0,14.0
13,Totales,Serbia,200,94.0,35/67  52.2%,27/42  64.3%,8/25  32%,16/21  76.2%,9.0,32.0,41.0,25.0,14.0,13.0,8.0,3.0,17,120,35.0,67.0,27.0,42.0,8.0,25.0,16.0,21.0,/es/basketballworldcup/2023/game/2808/Puerto-Rico-Serbia,1.0,77.0,74.0,27.0,36.0,12.0,38.0,15.0,9.0,8.0,14.0,23.0,21.0,15.0,6.0,20.0
13,Totales,Grecia,200,81.0,33/69  47.8%,26/46  56.5%,7/23  30.4%,8/16  50%,7.0,18.0,25.0,17.0,23.0,12.0,5.0,2.0,-28,69,33.0,69.0,26.0,46.0,7.0,23.0,8.0,16.0,/es/basketballworldcup/2023/game/2808/Greece-USA,0.0,109.0,61.0,35.0,39.0,26.0,22.0,9.0,34.0,30.0,10.0,30.0,26.0,11.0,8.0,15.0
13,Totales,USA,200,109.0,35/61  57.4%,26/39  66.7%,9/22  40.9%,30/34  88.2%,10,30,40,26.0,15,11,8.0,7.0,28.0,149.0,35.0,61.0,26.0,39.0,9.0,22.0,30.0,34.0,/es/basketballworldcup/2023/game/2808/Greece-USA,1.0,81.0,69.0,33.0,46.0,26.0,23.0,7.0,16.0,8.0,7.0,18.0,17.0,12.0,5.0,23.0
13,Totales,Brasil,200,78.0,28/65  43.1%,19/31  61.3%,9/34  26.5%,13/16  81.2%,14.0,24.0,38.0,17.0,22.0,16.0,0.0,4.0,-18,70,28.0,65.0,19.0,31.0,9.0,34.0,13.0,16.0,/es/basketballworldcup/2023/game/2808/Brazil-Spain,0.0,96.0,62.0,32.0,38.0,22.0,24.0,10.0,30.0,22.0,12.0,24.0,27.0,8.0,12.0,21.0
13,Totales,España,200,96.0,32/62  51.6%,22/38  57.9%,10/24  41.7%,22/30  73.3%,12,24,36,27.0,21,8,12.0,2.0,18.0,123.0,32.0,62.0,22.0,38.0,10.0,24.0,22.0,30.0,/es/basketballworldcup/2023/game/2808/Brazil-Spain,1.0,78.0,65.0,28.0,31.0,19.0,34.0,9.0,16.0,13.0,14.0,24.0,17.0,16.0,0.0,22.0
13,Totales,Alemania,200,101.0,39/68  57.4%,28/36  77.8%,11/32  34.4%,12/16  75%,12.0,21.0,33.0,29.0,16.0,9.0,13.0,1.0,26,132,39.0,68.0,28.0,36.0,11.0,32.0,12.0,16.0,/es/basketballworldcup/2023/game/2908/Germany-Finland,1.0,75.0,58.0,28.0,26.0,17.0,32.0,11.0,8.0,8.0,9.0,15.0,20.0,18.0,5.0,13.0
13,Totales,Finlandia,200,75.0,28/58  48.3%,17/26  65.4%,11/32  34.4%,8/8  100%,9.0,15.0,24.0,20.0,13.0,18.0,5.0,3.0,-26,79,28.0,58.0,17.0,26.0,11.0,32.0,8.0,8.0,/es/basketballworldcup/2023/game/2908/Germany-Finland,0.0,101.0,68.0,39.0,36.0,28.0,32.0,11.0,16.0,12.0,12.0,21.0,29.0,9.0,13.0,16.0
13,Totales,Angola,200,67.0,25/72  34.7%,23/51  45.1%,2/21  9.5%,15/28  53.6%,21,21,42,18.0,26,9,8.0,5.0,-8.0,65.0,25.0,72.0,23.0,51.0,2.0,21.0,15.0,28.0,/es/basketballworldcup/2023/game/2908/Angola-Dominican-Republic,0.0,75.0,54.0,22.0,29.0,17.0,25.0,5.0,33.0,26.0,10.0,30.0,14.0,16.0,5.0,24.0
13,Totales,República Dominicana,200,75.0,22/54  40.7%,17/29  58.6%,5/25  20%,26/33  78.8%,10.0,30.0,40.0,14.0,24.0,16.0,5.0,4.0,8,79,22.0,54.0,17.0,29.0,5.0,25.0,26.0,33.0,/es/basketballworldcup/2023/game/2908/Angola-Dominican-Republic,1.0,67.0,72.0,25.0,51.0,23.0,21.0,2.0,28.0,15.0,21.0,21.0,18.0,9.0,8.0,26.0
13,Totales,Egipto,200,100.0,39/64  60.9%,30/39  76.9%,9/25  36%,13/18  72.2%,7.0,34.0,41.0,23.0,17.0,19.0,8.0,4.0,28,127,39.0,64.0,30.0,39.0,9.0,25.0,13.0,18.0,/es/basketballworldcup/2023/game/2908/Egypt-Mexico,1.0,72.0,65.0,28.0,42.0,22.0,23.0,6.0,17.0,10.0,3.0,20.0,24.0,13.0,9.0,23.0
13,Totales,México,200,72.0,28/65  43.1%,22/42  52.4%,6/23  26.1%,10/17  58.8%,3.0,20.0,23.0,24.0,23.0,13.0,9.0,2.0,-28,72,28.0,65.0,22.0,42.0,6.0,23.0,10.0,17.0,/es/basketballworldcup/2023/game/2908/Egypt-Mexico,0.0,100.0,64.0,39.0,39.0,30.0,25.0,9.0,18.0,13.0,7.0,34.0,23.0,19.0,8.0,17.0
13,Totales,Líbano,200,79.0,31/63  49.2%,25/43  58.1%,6/20  30%,11/17  64.7%,13.0,19.0,32.0,15.0,23.0,18.0,10.0,2.0,-6,83,31.0,63.0,25.0,43.0,6.0,20.0,11.0,17.0,/es/basketballworldcup/2023/game/2908/Lebanon-France,0.0,85.0,64.0,30.0,31.0,21.0,33.0,9.0,20.0,16.0,16.0,20.0,23.0,16.0,10.0,16.0
13,Totales,Francia,200,85.0,30/64  46.9%,21/31  67.7%,9/33  27.3%,16/20  80%,16.0,20.0,36.0,23.0,16.0,16.0,10.0,6.0,6,101,30.0,64.0,21.0,31.0,9.0,33.0,16.0,20.0,/es/basketballworldcup/2023/game/2908/Lebanon-France,1.0,79.0,63.0,31.0,43.0,25.0,20.0,6.0,17.0,11.0,13.0,19.0,15.0,18.0,10.0,23.0
13,Totales,Australia,200,109.0,44/84  52.4%,36/57  63.2%,8/27  29.6%,13/16  81.2%,19,25,44,31.0,14,7,9.0,7.0,20.0,149.0,44.0,84.0,36.0,57.0,8.0,27.0,13.0,16.0,/es/basketballworldcup/2023/game/2908/Australia-Japan,1.0,89.0,69.0,33.0,36.0,23.0,33.0,10.0,16.0,13.0,12.0,21.0,22.0,15.0,4.0,15.0
13,Totales,Japón,200,89.0,33/69  47.8%,23/36  63.9%,10/33  30.3%,13/16  81.2%,12,21,33,22.0,15,15,4.0,2.0,-20.0,92.0,33.0,69.0,23.0,36.0,10.0,33.0,13.0,16.0,/es/basketballworldcup/2023/game/2908/Australia-Japan,0.0,109.0,84.0,44.0,57.0,36.0,27.0,8.0,16.0,13.0,19.0,25.0,31.0,7.0,9.0,14.0
13,Totales,Filipinas,200,83.0,30/65  46.2%,20/36  55.6%,10/29  34.5%,13/18  72.2%,13,26,39,14.0,17,14,8.0,3.0,-7.0,88.0,30.0,65.0,20.0,36.0,10.0,29.0,13.0,18.0,/es/basketballworldcup/2023/game/2908/Philippines-Italy,0.0,90.0,64.0,29.0,23.0,12.0,41.0,17.0,17.0,15.0,10.0,25.0,24.0,11.0,7.0,20.0
13,Totales,Italia,200,90.0,29/64  45.3%,12/23  52.2%,17/41  41.5%,15/17  88.2%,10.0,25.0,35.0,24.0,20.0,11.0,7.0,0.0,7,106,29.0,64.0,12.0,23.0,17.0,41.0,15.0,17.0,/es/basketballworldcup/2023/game/2908/Philippines-Italy,1.0,83.0,65.0,30.0,36.0,20.0,29.0,10.0,18.0,13.0,13.0,26.0,14.0,14.0,8.0,17.0
13,Totales,Montenegro,200,71.0,23/69  33.3%,18/38  47.4%,5/31  16.1%,20/26  76.9%,14.0,16.0,30.0,12.0,20.0,5.0,9.0,2.0,-20,62,23.0,69.0,18.0,38.0,5.0,31.0,20.0,26.0,/es/basketballworldcup/2023/game/2908/Montenegro-Lituania,0.0,91.0,60.0,35.0,43.0,27.0,17.0,8.0,20.0,13.0,12.0,32.0,16.0,14.0,2.0,24.0
13,Totales,Lituania,200,91.0,35/60  58.3%,27/43  62.8%,8/17  47.1%,13/20  65%,12.0,32.0,44.0,16.0,24.0,14.0,2.0,6.0,20,110,35.0,60.0,27.0,43.0,8.0,17.0,13.0,20.0,/es/basketballworldcup/2023/game/2908/Montenegro-Lituania,1.0,71.0,69.0,23.0,38.0,18.0,31.0,5.0,26.0,20.0,14.0,16.0,12.0,5.0,9.0,20.0
13,Totales,Canadá,200,101.0,37/74  50%,21/35  60%,16/39  41%,11/22  50%,17.0,27.0,44.0,23.0,19.0,9.0,10.0,1.0,26,116,37.0,74.0,21.0,35.0,16.0,39.0,11.0,22.0,/es/basketballworldcup/2023/game/2908/Canada-Latvia,1.0,75.0,63.0,27.0,27.0,17.0,36.0,10.0,12.0,11.0,8.0,23.0,23.0,15.0,5.0,23.0
13,Totales,Letonia,200,75.0,27/63  42.9%,17/27  63%,10/36  27.8%,11/12  91.7%,8.0,23.0,31.0,23.0,23.0,15.0,5.0,3.0,-26,82,27.0,63.0,17.0,27.0,10.0,36.0,11.0,12.0,/es/basketballworldcup/2023/game/2908/Canada-Latvia,0.0,101.0,74.0,37.0,35.0,21.0,39.0,16.0,22.0,11.0,17.0,27.0,23.0,9.0,10.0,19.0
13,Totales,Sudán del Sur,200,83.0,30/65  46.2%,17/32  53.1%,13/33  39.4%,10/16  62.5%,8.0,17.0,25.0,22.0,22.0,13.0,7.0,2.0,-32,82,30.0,65.0,17.0,32.0,13.0,33.0,10.0,16.0,/es/basketballworldcup/2023/game/3008/South-Sudan-Serbia,0.0,115.0,68.0,42.0,36.0,25.0,32.0,17.0,17.0,14.0,9.0,29.0,34.0,9.0,7.0,16.0
13,Totales,Serbia,200,115.0,42/68  61.8%,25/36  69.4%,17/32  53.1%,14/17  82.4%,9.0,29.0,38.0,34.0,16.0,9.0,7.0,4.0,32,156,42.0,68.0,25.0,36.0,17.0,32.0,14.0,17.0,/es/basketballworldcup/2023/game/3008/South-Sudan-Serbia,1.0,83.0,65.0,30.0,32.0,17.0,33.0,13.0,16.0,10.0,8.0,17.0,22.0,13.0,7.0,22.0
13,Totales,Georgia,200,70.0,25/57  43.9%,20/34  58.8%,5/23  21.7%,15/21  71.4%,10.0,30.0,40.0,15.0,14.0,12.0,5.0,2.0,11,76,25.0,57.0,20.0,34.0,5.0,23.0,15.0,21.0,/es/basketballworldcup/2023/game/3008/Georgia-Venezuela,1.0,59.0,67.0,25.0,42.0,19.0,25.0,6.0,7.0,3.0,13.0,21.0,17.0,11.0,3.0,18.0
13,Totales,Venezuela,200,59.0,25/67  37.3%,19/42  45.2%,6/25  24%,3/7  42.9%,13.0,21.0,34.0,17.0,18.0,11.0,3.0,2.0,-11,56,25.0,67.0,19.0,42.0,6.0,25.0,3.0,7.0,/es/basketballworldcup/2023/game/3008/Georgia-Venezuela,0.0,70.0,57.0,25.0,34.0,20.0,23.0,5.0,21.0,15.0,10.0,30.0,15.0,12.0,5.0,14.0
13,Totales,USA,200,110.0,39/80  48.8%,29/51  56.9%,10/29  34.5%,22/28  78.6%,17,39,56,29.0,12,15,13.0,6.0,48.0,148.0,39.0,80.0,29.0,51.0,10.0,29.0,22.0,28.0,/es/basketballworldcup/2023/game/3008/USA-Jordan,1.0,62.0,66.0,22.0,45.0,17.0,21.0,5.0,17.0,13.0,7.0,27.0,15.0,23.0,11.0,21.0
13,Totales,Jordania,200,62.0,22/66  33.3%,17/45  37.8%,5/21  23.8%,13/17  76.5%,7.0,27.0,34.0,15.0,21.0,23.0,11.0,2.0,-48,53,22.0,66.0,17.0,45.0,5.0,21.0,13.0,17.0,/es/basketballworldcup/2023/game/3008/USA-Jordan,0.0,110.0,80.0,39.0,51.0,29.0,29.0,10.0,28.0,22.0,17.0,39.0,29.0,15.0,13.0,12.0
13,Totales,Costa de Marfil,200,77.0,24/65  36.9%,17/42  40.5%,7/23  30.4%,22/25  88%,13.0,22.0,35.0,14.0,21.0,12.0,9.0,4.0,-12,79,24.0,65.0,17.0,42.0,7.0,23.0,22.0,25.0,/es/basketballworldcup/2023/game/3008/Cote-d-Ivoire-Brazil,0.0,89.0,62.0,26.0,30.0,12.0,32.0,14.0,25.0,23.0,14.0,29.0,27.0,13.0,5.0,24.0
13,Totales,Brasil,200,89.0,26/62  41.9%,12/30  40%,14/32  43.8%,23/25  92%,14.0,29.0,43.0,27.0,24.0,13.0,5.0,3.0,12,113,26.0,62.0,12.0,30.0,14.0,32.0,23.0,25.0,/es/basketballworldcup/2023/game/3008/Cote-d-Ivoire-Brazil,1.0,77.0,65.0,24.0,42.0,17.0,23.0,7.0,25.0,22.0,13.0,22.0,14.0,12.0,9.0,21.0
13,Totales,Eslovenia,200,92.0,29/67  43.3%,18/32  56.2%,11/35  31.4%,23/30  76.7%,14.0,25.0,39.0,24.0,20.0,10.0,10.0,0.0,15,107,29.0,67.0,18.0,32.0,11.0,35.0,23.0,30.0,/es/basketballworldcup/2023/game/3008/Slovenia-Cape-Verde,1.0,77.0,65.0,31.0,41.0,24.0,24.0,7.0,9.0,8.0,9.0,23.0,21.0,19.0,4.0,26.0
13,Totales,Cabo Verde,200,77.0,31/65  47.7%,24/41  58.5%,7/24  29.2%,8/9  88.9%,9.0,23.0,32.0,21.0,26.0,19.0,4.0,1.0,-15,79,31.0,65.0,24.0,41.0,7.0,24.0,8.0,9.0,/es/basketballworldcup/2023/game/3008/Slovenia-Cape-Verde,0.0,92.0,67.0,29.0,32.0,18.0,35.0,11.0,30.0,23.0,14.0,25.0,24.0,10.0,10.0,20.0
13,Totales,China,200,89.0,32/65  49.2%,22/37  59.5%,10/28  35.7%,15/22  68.2%,7,23,30,20.0,25,13,3.0,4.0,-18.0,87.0,32.0,65.0,22.0,37.0,10.0,28.0,15.0,22.0,/es/basketballworldcup/2023/game/3008/China-Puerto-Rico,0.0,107.0,71.0,38.0,37.0,22.0,34.0,16.0,24.0,15.0,13.0,29.0,22.0,12.0,7.0,17.0
13,Totales,Puerto Rico,200,107.0,38/71  53.5%,22/37  59.5%,16/34  47.1%,15/24  62.5%,13,29,42,22.0,17,12,7.0,2.0,18.0,125.0,38.0,71.0,22.0,37.0,16.0,34.0,15.0,24.0,/es/basketballworldcup/2023/game/3008/China-Puerto-Rico,1.0,89.0,65.0,32.0,37.0,22.0,28.0,10.0,22.0,15.0,7.0,23.0,20.0,13.0,3.0,25.0
13,Totales,Grecia,200,83.0,28/70  40%,17/38  44.7%,11/32  34.4%,16/20  80%,14.0,20.0,34.0,19.0,24.0,6.0,10.0,3.0,9,95,28.0,70.0,17.0,38.0,11.0,32.0,16.0,20.0,/es/basketballworldcup/2023/game/3008/Greece-New-Zealand,1.0,74.0,51.0,22.0,26.0,11.0,25.0,11.0,24.0,19.0,13.0,29.0,17.0,21.0,3.0,24.0
13,Totales,Nueva Zelanda,200,74.0,22/51  43.1%,11/26  42.3%,11/25  44%,19/24  79.2%,13.0,29.0,42.0,17.0,24.0,21.0,3.0,3.0,-9,82,22.0,51.0,11.0,26.0,11.0,25.0,19.0,24.0,/es/basketballworldcup/2023/game/3008/Greece-New-Zealand,0.0,83.0,70.0,28.0,38.0,17.0,32.0,11.0,20.0,16.0,14.0,20.0,19.0,6.0,10.0,24.0
13,Totales,Irán,200,65.0,23/64  35.9%,17/41  41.5%,6/23  26.1%,13/17  76.5%,11,20,31,19.0,13,8,7.0,1.0,-20.0,70.0,23.0,64.0,17.0,41.0,6.0,23.0,13.0,17.0,/es/basketballworldcup/2023/game/3008/Iran-Spain,0.0,85.0,67.0,35.0,41.0,26.0,26.0,9.0,9.0,6.0,13.0,30.0,32.0,11.0,3.0,18.0
13,Totales,España,200,85.0,35/67  52.2%,26/41  63.4%,9/26  34.6%,6/9  66.7%,13.0,30.0,43.0,32.0,18.0,11.0,3.0,7.0,20,121,35.0,67.0,26.0,41.0,9.0,26.0,6.0,9.0,/es/basketballworldcup/2023/game/3008/Iran-Spain,1.0,65.0,64.0,23.0,41.0,17.0,23.0,6.0,17.0,13.0,11.0,20.0,19.0,8.0,7.0,13.0
13,Totales,Cabo Verde,200,77.0,27/65  41.5%,24/46  52.2%,3/19  15.8%,20/29  69%,14.0,19.0,33.0,17.0,21.0,12.0,6.0,3.0,-23,73,27.0,65.0,24.0,46.0,3.0,19.0,20.0,29.0,/es/basketballworldcup/2023/game/3108/Cape-Verde-Finland,0.0,100.0,69.0,35.0,33.0,21.0,36.0,14.0,22.0,16.0,16.0,27.0,33.0,12.0,7.0,27.0
13,Totales,Finlandia,200,100.0,35/69  50.7%,21/33  63.6%,14/36  38.9%,16/22  72.7%,16,27,43,33.0,27,12,7.0,5.0,23.0,136.0,35.0,69.0,21.0,33.0,14.0,36.0,16.0,22.0,/es/basketballworldcup/2023/game/3108/Cape-Verde-Finland,1.0,77.0,65.0,27.0,46.0,24.0,19.0,3.0,29.0,20.0,14.0,19.0,17.0,12.0,6.0,21.0
13,Totales,Angola,200,76.0,25/63  39.7%,20/37  54.1%,5/26  19.2%,21/34  61.8%,19,23,42,19.0,26,17,9.0,1.0,-7.0,75.0,25.0,63.0,20.0,37.0,5.0,26.0,21.0,34.0,/es/basketballworldcup/2023/game/3108/Angola-China,0.0,83.0,55.0,27.0,39.0,22.0,16.0,5.0,33.0,24.0,8.0,25.0,22.0,17.0,7.0,24.0
13,Totales,China,200,83.0,27/55  49.1%,22/39  56.4%,5/16  31.2%,24/33  72.7%,8.0,25.0,33.0,22.0,24.0,17.0,7.0,4.0,7,93,27.0,55.0,22.0,39.0,5.0,16.0,24.0,33.0,/es/basketballworldcup/2023/game/3108/Angola-China,1.0,76.0,63.0,25.0,37.0,20.0,26.0,5.0,34.0,21.0,19.0,23.0,19.0,17.0,9.0,26.0
13,Totales,Nueva Zelanda,200,100.0,31/67  46.3%,14/26  53.8%,17/41  41.5%,21/28  75%,14,20,34,29.0,24,14,5.0,1.0,-8.0,109.0,31.0,67.0,14.0,26.0,17.0,41.0,21.0,28.0,/es/basketballworldcup/2023/game/3108/New-Zealand-Mexico,0.0,108.0,72.0,37.0,47.0,23.0,25.0,14.0,25.0,20.0,16.0,25.0,27.0,13.0,8.0,25.0
13,Totales,México,200,108.0,37/72  51.4%,23/47  48.9%,14/25  56%,20/25  80%,16.0,25.0,41.0,27.0,25.0,13.0,8.0,0.0,8,122,37.0,72.0,23.0,47.0,14.0,25.0,20.0,25.0,/es/basketballworldcup/2023/game/3108/New-Zealand-Mexico,1.0,100.0,67.0,31.0,26.0,14.0,41.0,17.0,28.0,21.0,14.0,20.0,29.0,14.0,5.0,24.0
13,Totales,Costa de Marfil,200,84.0,30/67  44.8%,21/39  53.8%,9/28  32.1%,15/17  88.2%,10.0,22.0,32.0,24.0,19.0,9.0,9.0,1.0,-10,99,30.0,67.0,21.0,39.0,9.0,28.0,15.0,17.0,/es/basketballworldcup/2023/game/3108/Cote-d-Ivoire-Lebanon,0.0,94.0,58.0,29.0,26.0,13.0,32.0,16.0,25.0,20.0,9.0,28.0,25.0,14.0,3.0,17.0
13,Totales,Líbano,200,94.0,29/58  50%,13/26  50%,16/32  50%,20/25  80%,9.0,28.0,37.0,25.0,17.0,14.0,3.0,4.0,10,113,29.0,58.0,13.0,26.0,16.0,32.0,20.0,25.0,/es/basketballworldcup/2023/game/3108/Cote-d-Ivoire-Lebanon,1.0,84.0,67.0,30.0,39.0,21.0,28.0,9.0,17.0,15.0,10.0,22.0,24.0,9.0,9.0,19.0
13,Totales,Japón,200,86.0,29/70  41.4%,17/35  48.6%,12/35  34.3%,16/18  88.9%,9.0,28.0,37.0,19.0,14.0,13.0,7.0,2.0,9,92,29.0,70.0,17.0,35.0,12.0,35.0,16.0,18.0,/es/basketballworldcup/2023/game/3108/Japón-Venezuela,1.0,77.0,72.0,31.0,33.0,21.0,39.0,10.0,8.0,5.0,13.0,33.0,26.0,19.0,11.0,22.0
13,Totales,Venezuela,200,77.0,31/72  43.1%,21/33  63.6%,10/39  25.6%,5/8  62.5%,13.0,33.0,46.0,26.0,22.0,19.0,11.0,2.0,-9,95,31.0,72.0,21.0,33.0,10.0,39.0,5.0,8.0,/es/basketballworldcup/2023/game/3108/Japón-Venezuela,0.0,86.0,70.0,29.0,35.0,17.0,35.0,12.0,18.0,16.0,9.0,28.0,19.0,13.0,7.0,14.0
13,Totales,Sudán del Sur,200,87.0,31/76  40.8%,19/43  44.2%,12/33  36.4%,13/15  86.7%,11.0,35.0,46.0,25.0,14.0,9.0,7.0,4.0,19,112,31.0,76.0,19.0,43.0,12.0,33.0,13.0,15.0,/es/basketballworldcup/2023/game/3108/Sudán-del-Sur-Filipinas,1.0,68.0,74.0,26.0,42.0,16.0,32.0,10.0,13.0,6.0,15.0,33.0,15.0,15.0,6.0,16.0
13,Totales,Filipinas,200,68.0,26/74  35.1%,16/42  38.1%,10/32  31.2%,6/13  46.2%,15,33,48,15.0,16,15,6.0,7.0,-19.0,70.0,26.0,74.0,16.0,42.0,10.0,32.0,6.0,13.0,/es/basketballworldcup/2023/game/3108/Sudán-del-Sur-Filipinas,0.0,87.0,76.0,31.0,43.0,19.0,33.0,12.0,15.0,13.0,11.0,35.0,25.0,9.0,7.0,14.0
13,Totales,Egipto,200,85.0,31/66  47%,25/47  53.2%,6/19  31.6%,17/23  73.9%,17.0,29.0,46.0,17.0,14.0,17.0,12.0,5.0,16,102,31.0,66.0,25.0,47.0,6.0,19.0,17.0,23.0,/es/basketballworldcup/2023/game/3108/Egypt-Jordan,1.0,69.0,62.0,26.0,33.0,15.0,29.0,11.0,8.0,6.0,8.0,23.0,14.0,18.0,6.0,19.0
13,Totales,Jordania,200,69.0,26/62  41.9%,15/33  45.5%,11/29  37.9%,6/8  75%,8.0,23.0,31.0,14.0,19.0,18.0,6.0,5.0,-16,66,26.0,62.0,15.0,33.0,11.0,29.0,6.0,8.0,/es/basketballworldcup/2023/game/3108/Egypt-Jordan,0.0,85.0,66.0,31.0,47.0,25.0,19.0,6.0,23.0,17.0,17.0,29.0,17.0,17.0,12.0,14.0
13,Totales,Francia,200,82.0,34/60  56.7%,27/39  69.2%,7/21  33.3%,7/17  41.2%,14.0,27.0,41.0,24.0,13.0,12.0,5.0,5.0,27,109,34.0,60.0,27.0,39.0,7.0,21.0,7.0,17.0,/es/basketballworldcup/2023/game/3108/France-Iran,1.0,55.0,65.0,20.0,33.0,12.0,32.0,8.0,11.0,7.0,17.0,19.0,16.0,13.0,6.0,19.0
13,Totales,Irán,200,55.0,20/65  30.8%,12/33  36.4%,8/32  25%,7/11  63.6%,17.0,19.0,36.0,16.0,19.0,13.0,6.0,1.0,-27,52,20.0,65.0,12.0,33.0,8.0,32.0,7.0,11.0,/es/basketballworldcup/2023/game/3108/France-Iran,0.0,82.0,60.0,34.0,39.0,27.0,21.0,7.0,17.0,7.0,14.0,27.0,24.0,12.0,5.0,13.0
13,Totales,Serbia,200,76.0,21/58  36.2%,14/27  51.9%,7/31  22.6%,27/32  84.4%,9.0,25.0,34.0,15.0,19.0,11.0,7.0,4.0,-2,81,21.0,58.0,14.0,27.0,7.0,31.0,27.0,32.0,/es/basketballworldcup/2023/game/0109/Serbia-Italy,0.0,78.0,60.0,28.0,39.0,17.0,21.0,11.0,15.0,11.0,8.0,28.0,19.0,15.0,3.0,27.0
13,Totales,Italia,200,78.0,28/60  46.7%,17/39  43.6%,11/21  52.4%,11/15  73.3%,8.0,28.0,36.0,19.0,27.0,15.0,3.0,1.0,2,85,28.0,60.0,17.0,39.0,11.0,21.0,11.0,15.0,/es/basketballworldcup/2023/game/0109/Serbia-Italy,1.0,76.0,58.0,21.0,27.0,14.0,31.0,7.0,32.0,27.0,9.0,25.0,15.0,11.0,7.0,19.0
13,Totales,Alemania,200,100.0,33/63  52.4%,13/28  46.4%,20/35  57.1%,14/25  56%,9.0,27.0,36.0,33.0,22.0,12.0,10.0,2.0,27,126,33.0,63.0,13.0,28.0,20.0,35.0,14.0,25.0,/es/basketballworldcup/2023/game/0109/Alemania-Georgia,1.0,73.0,62.0,26.0,36.0,19.0,26.0,7.0,18.0,14.0,9.0,24.0,18.0,18.0,5.0,20.0
13,Totales,Georgia,200,73.0,26/62  41.9%,19/36  52.8%,7/26  26.9%,14/18  77.8%,9.0,24.0,33.0,18.0,20.0,18.0,5.0,3.0,-27,69,26.0,62.0,19.0,36.0,7.0,26.0,14.0,18.0,/es/basketballworldcup/2023/game/0109/Alemania-Georgia,0.0,100.0,63.0,33.0,28.0,13.0,35.0,20.0,25.0,14.0,9.0,27.0,33.0,12.0,10.0,22.0
13,Totales,USA,200,85.0,30/63  47.6%,25/44  56.8%,5/19  26.3%,20/30  66.7%,8.0,23.0,31.0,19.0,19.0,12.0,14.0,2.0,12,94,30.0,63.0,25.0,44.0,5.0,19.0,20.0,30.0,/es/basketballworldcup/2023/game/0109/USA-Montenegro,1.0,73.0,75.0,30.0,55.0,25.0,20.0,5.0,12.0,8.0,23.0,26.0,17.0,22.0,5.0,24.0
13,Totales,Montenegro,200,73.0,30/75  40%,25/55  45.5%,5/20  25%,8/12  66.7%,23.0,26.0,49.0,17.0,24.0,22.0,5.0,3.0,-12,75,30.0,75.0,25.0,55.0,5.0,20.0,8.0,12.0,/es/basketballworldcup/2023/game/0109/USA-Montenegro,0.0,85.0,63.0,30.0,44.0,25.0,19.0,5.0,30.0,20.0,8.0,23.0,19.0,12.0,14.0,19.0
13,Totales,España,200,69.0,21/53  39.6%,14/32  43.8%,7/21  33.3%,20/31  64.5%,10.0,24.0,34.0,23.0,24.0,16.0,7.0,1.0,-5,71,21.0,53.0,14.0,32.0,7.0,21.0,20.0,31.0,/es/basketballworldcup/2023/game/0109/España-Letonia,0.0,74.0,59.0,26.0,34.0,18.0,25.0,8.0,19.0,14.0,10.0,26.0,15.0,16.0,7.0,26.0
13,Totales,Letonia,200,74.0,26/59  44.1%,18/34  52.9%,8/25  32%,14/19  73.7%,10.0,26.0,36.0,15.0,26.0,16.0,7.0,3.0,5,75,26.0,59.0,18.0,34.0,8.0,25.0,14.0,19.0,/es/basketballworldcup/2023/game/0109/España-Letonia,1.0,69.0,53.0,21.0,32.0,14.0,21.0,7.0,31.0,20.0,10.0,24.0,23.0,16.0,7.0,24.0
13,Totales,República Dominicana,200,97.0,34/73  46.6%,23/45  51.1%,11/28  39.3%,18/23  78.3%,11.0,26.0,37.0,22.0,23.0,9.0,5.0,2.0,-5,105,34.0,73.0,23.0,45.0,11.0,28.0,18.0,23.0,/es/basketballworldcup/2023/game/0109/República-Dominicana-Puerto-Rico,0.0,102.0,61.0,34.0,35.0,23.0,26.0,11.0,29.0,23.0,5.0,29.0,20.0,14.0,7.0,21.0
13,Totales,Puerto Rico,200,102.0,34/61  55.7%,23/35  65.7%,11/26  42.3%,23/29  79.3%,5.0,29.0,34.0,20.0,21.0,14.0,7.0,4.0,5,118,34.0,61.0,23.0,35.0,11.0,26.0,23.0,29.0,/es/basketballworldcup/2023/game/0109/República-Dominicana-Puerto-Rico,1.0,97.0,73.0,34.0,45.0,23.0,28.0,11.0,23.0,18.0,11.0,26.0,22.0,9.0,5.0,23.0
13,Totales,Eslovenia,200,91.0,32/68  47.1%,19/26  73.1%,13/42  31%,14/17  82.4%,9.0,30.0,39.0,23.0,26.0,12.0,7.0,2.0,11,111,32.0,68.0,19.0,26.0,13.0,42.0,14.0,17.0,/es/basketballworldcup/2023/game/0109/Slovenia-Australia,1.0,80.0,62.0,27.0,38.0,19.0,24.0,8.0,23.0,18.0,6.0,25.0,15.0,13.0,6.0,21.0
13,Totales,Australia,200,80.0,27/62  43.5%,19/38  50%,8/24  33.3%,18/23  78.3%,6,25,31,15.0,21,13,6.0,2.0,-11.0,79.0,27.0,62.0,19.0,38.0,8.0,24.0,18.0,23.0,/es/basketballworldcup/2023/game/0109/Slovenia-Australia,0.0,91.0,68.0,32.0,26.0,19.0,42.0,13.0,17.0,14.0,9.0,30.0,23.0,12.0,7.0,26.0
13,Totales,Lituania,200,92.0,33/53  62.3%,18/29  62.1%,15/24  62.5%,11/13  84.6%,7,27,34,25.0,18,13,3.0,5.0,25.0,121.0,33.0,53.0,18.0,29.0,15.0,24.0,11.0,13.0,/es/basketballworldcup/2023/game/0109/Lithuania-Greece,1.0,67.0,64.0,23.0,33.0,13.0,31.0,10.0,13.0,11.0,11.0,15.0,11.0,9.0,7.0,18.0
13,Totales,Grecia,200,67.0,23/64  35.9%,13/33  39.4%,10/31  32.3%,11/13  84.6%,11.0,15.0,26.0,11.0,18.0,9.0,7.0,1.0,-25,62,23.0,64.0,13.0,33.0,10.0,31.0,11.0,13.0,/es/basketballworldcup/2023/game/0109/Lithuania-Greece,0.0,92.0,53.0,33.0,29.0,18.0,24.0,15.0,13.0,11.0,7.0,27.0,25.0,13.0,3.0,18.0
13,Totales,Canadá,200,65.0,21/63  33.3%,13/33  39.4%,8/30  26.7%,15/17  88.2%,13.0,24.0,37.0,10.0,20.0,9.0,2.0,3.0,-4,63,21.0,63.0,13.0,33.0,8.0,30.0,15.0,17.0,/es/basketballworldcup/2023/game/0109/Canadá-Brasil,0.0,69.0,63.0,25.0,36.0,20.0,27.0,5.0,16.0,14.0,14.0,29.0,17.0,9.0,6.0,17.0
13,Totales,Brasil,200,69.0,25/63  39.7%,20/36  55.6%,5/27  18.5%,14/16  87.5%,14.0,29.0,43.0,17.0,17.0,9.0,6.0,4.0,4,89,25.0,63.0,20.0,36.0,5.0,27.0,14.0,16.0,/es/basketballworldcup/2023/game/0109/Canadá-Brasil,1.0,65.0,63.0,21.0,33.0,13.0,30.0,8.0,17.0,15.0,13.0,24.0,10.0,9.0,2.0,20.0
13,Totales,Finlandia,200,90.0,32/61  52.5%,22/34  64.7%,10/27  37%,16/17  94.1%,12.0,23.0,35.0,25.0,9.0,13.0,5.0,4.0,15,112,32.0,61.0,22.0,34.0,10.0,27.0,16.0,17.0,/es/basketballworldcup/2023/game/0209/Finland-Venezuela,1.0,75.0,65.0,29.0,33.0,14.0,32.0,15.0,4.0,2.0,12.0,16.0,18.0,17.0,6.0,19.0
13,Totales,Venezuela,200,75.0,29/65  44.6%,14/33  42.4%,15/32  46.9%,2/4  50%,12.0,16.0,28.0,18.0,19.0,17.0,6.0,3.0,-15,76,29.0,65.0,14.0,33.0,15.0,32.0,2.0,4.0,/es/basketballworldcup/2023/game/0209/Finland-Venezuela,0.0,90.0,61.0,32.0,34.0,22.0,27.0,10.0,17.0,16.0,12.0,23.0,25.0,13.0,5.0,9.0
13,Totales,Angola,200,78.0,24/76  31.6%,15/37  40.5%,9/39  23.1%,21/29  72.4%,25.0,19.0,44.0,18.0,25.0,10.0,6.0,2.0,-23,68,24.0,76.0,15.0,37.0,9.0,39.0,21.0,29.0,/es/basketballworldcup/2023/game/0209/Angola-South-Sudan,0.0,101.0,61.0,33.0,38.0,24.0,23.0,9.0,33.0,26.0,10.0,31.0,26.0,11.0,5.0,26.0
13,Totales,Sudán del Sur,200,101.0,33/61  54.1%,24/38  63.2%,9/23  39.1%,26/33  78.8%,10.0,31.0,41.0,26.0,26.0,11.0,5.0,9.0,23,131,33.0,61.0,24.0,38.0,9.0,23.0,26.0,33.0,/es/basketballworldcup/2023/game/0209/Angola-South-Sudan,1.0,78.0,76.0,24.0,37.0,15.0,39.0,9.0,29.0,21.0,25.0,19.0,18.0,10.0,6.0,25.0
13,Totales,Nueva Zelanda,200,88.0,26/63  41.3%,19/38  50%,7/25  28%,29/36  80.6%,14,26,40,20.0,22,12,8.0,3.0,2.0,98.0,26.0,63.0,19.0,38.0,7.0,25.0,29.0,36.0,/es/basketballworldcup/2023/game/0209/New-Zealand-Egypt,1.0,86.0,71.0,33.0,46.0,26.0,25.0,7.0,24.0,13.0,16.0,25.0,19.0,13.0,7.0,27.0
13,Totales,Egipto,200,86.0,33/71  46.5%,26/46  56.5%,7/25  28%,13/24  54.2%,16,25,41,19.0,27,13,7.0,5.0,-2.0,92.0,33.0,71.0,26.0,46.0,7.0,25.0,13.0,24.0,/es/basketballworldcup/2023/game/0209/New-Zealand-Egypt,0.0,88.0,63.0,26.0,38.0,19.0,25.0,7.0,36.0,29.0,14.0,26.0,20.0,12.0,8.0,22.0
13,Totales,Costa de Marfil,200,77.0,28/68  41.2%,17/44  38.6%,11/24  45.8%,10/13  76.9%,11.0,24.0,35.0,18.0,22.0,17.0,12.0,1.0,-10,83,28.0,68.0,17.0,44.0,11.0,24.0,10.0,13.0,/es/basketballworldcup/2023/game/0209/Cote-d-Ivoire-France,0.0,87.0,59.0,31.0,30.0,20.0,29.0,11.0,24.0,14.0,10.0,31.0,26.0,17.0,11.0,14.0
13,Totales,Francia,200,87.0,31/59  52.5%,20/30  66.7%,11/29  37.9%,14/24  58.3%,10.0,31.0,41.0,26.0,14.0,17.0,11.0,6.0,10,114,31.0,59.0,20.0,30.0,11.0,29.0,14.0,24.0,/es/basketballworldcup/2023/game/0209/Cote-d-Ivoire-France,1.0,77.0,68.0,28.0,44.0,17.0,24.0,11.0,13.0,10.0,11.0,24.0,18.0,17.0,12.0,22.0
13,Totales,Japón,200,80.0,28/62  45.2%,16/30  53.3%,12/32  37.5%,12/13  92.3%,5.0,28.0,33.0,24.0,13.0,14.0,6.0,6.0,9,98,28.0,62.0,16.0,30.0,12.0,32.0,12.0,13.0,/es/basketballworldcup/2023/game/0209/Japón-Cabo-Verde,1.0,71.0,73.0,28.0,46.0,21.0,27.0,7.0,13.0,8.0,18.0,28.0,15.0,15.0,8.0,17.0
13,Totales,Cabo Verde,200,71.0,28/73  38.4%,21/46  45.7%,7/27  25.9%,8/13  61.5%,18.0,28.0,46.0,15.0,17.0,15.0,8.0,5.0,-9,78,28.0,73.0,21.0,46.0,7.0,27.0,8.0,13.0,/es/basketballworldcup/2023/game/0209/Japón-Cabo-Verde,0.0,80.0,62.0,28.0,30.0,16.0,32.0,12.0,13.0,12.0,5.0,28.0,24.0,14.0,6.0,13.0
13,Totales,Filipinas,200,96.0,35/72  48.6%,26/42  61.9%,9/30  30%,17/22  77.3%,13.0,33.0,46.0,18.0,17.0,9.0,7.0,3.0,21,112,35.0,72.0,26.0,42.0,9.0,30.0,17.0,22.0,/es/basketballworldcup/2023/game/0209/Filipinas-China,1.0,75.0,62.0,26.0,40.0,21.0,22.0,5.0,20.0,18.0,5.0,26.0,18.0,11.0,4.0,19.0
13,Totales,China,200,75.0,26/62  41.9%,21/40  52.5%,5/22  22.7%,18/20  90%,5.0,26.0,31.0,18.0,19.0,11.0,4.0,0.0,-21,78,26.0,62.0,21.0,40.0,5.0,22.0,18.0,20.0,/es/basketballworldcup/2023/game/0209/Filipinas-China,0.0,96.0,72.0,35.0,42.0,26.0,30.0,9.0,22.0,17.0,13.0,33.0,18.0,9.0,7.0,17.0
13,Totales,Jordania,200,80.0,25/61  41%,19/37  51.4%,6/24  25%,24/35  68.6%,10.0,20.0,30.0,22.0,20.0,13.0,10.0,2.0,-13,83,25.0,61.0,19.0,37.0,6.0,24.0,24.0,35.0,/es/basketballworldcup/2023/game/0209/Jordan-Mexico,0.0,93.0,63.0,31.0,35.0,19.0,28.0,12.0,24.0,19.0,12.0,30.0,21.0,15.0,7.0,24.0
13,Totales,México,200,93.0,31/63  49.2%,19/35  54.3%,12/28  42.9%,19/24  79.2%,12.0,30.0,42.0,21.0,24.0,15.0,7.0,1.0,13,106,31.0,63.0,19.0,35.0,12.0,28.0,19.0,24.0,/es/basketballworldcup/2023/game/0209/Jordan-Mexico,1.0,80.0,61.0,25.0,37.0,19.0,24.0,6.0,35.0,24.0,10.0,20.0,22.0,13.0,10.0,20.0
13,Totales,Irán,200,73.0,25/63  39.7%,20/42  47.6%,5/21  23.8%,18/19  94.7%,9,27,36,19.0,23,12,7.0,3.0,-8.0,87.0,25.0,63.0,20.0,42.0,5.0,21.0,18.0,19.0,/es/basketballworldcup/2023/game/0209/Iran-Lebanon,0.0,81.0,60.0,26.0,37.0,17.0,23.0,9.0,27.0,20.0,9.0,29.0,22.0,10.0,6.0,24.0
13,Totales,Líbano,200,81.0,26/60  43.3%,17/37  45.9%,9/23  39.1%,20/27  74.1%,9.0,29.0,38.0,22.0,24.0,10.0,6.0,2.0,8,95,26.0,60.0,17.0,37.0,9.0,23.0,20.0,27.0,/es/basketballworldcup/2023/game/0209/Iran-Lebanon,1.0,73.0,63.0,25.0,42.0,20.0,21.0,5.0,19.0,18.0,9.0,27.0,19.0,12.0,7.0,23.0
13,Totales,Australia,200,100.0,35/66  53%,21/35  60%,14/31  45.2%,16/20  80%,7,26,33,29.0,18,15,6.0,3.0,16.0,117.0,35.0,66.0,21.0,35.0,14.0,31.0,16.0,20.0,/es/basketballworldcup/2023/game/0309/Australia-Georgia,1.0,84.0,71.0,31.0,51.0,25.0,20.0,6.0,18.0,16.0,15.0,24.0,21.0,16.0,9.0,24.0
13,Totales,Georgia,200,84.0,31/71  43.7%,25/51  49%,6/20  30%,16/18  88.9%,15.0,24.0,39.0,21.0,24.0,16.0,9.0,3.0,-16,93,31.0,71.0,25.0,51.0,6.0,20.0,16.0,18.0,/es/basketballworldcup/2023/game/0309/Australia-Georgia,0.0,100.0,66.0,35.0,35.0,21.0,31.0,14.0,20.0,16.0,7.0,26.0,29.0,15.0,6.0,18.0
13,Totales,Italia,200,73.0,30/72  41.7%,21/38  55.3%,9/34  26.5%,4/8  50%,19.0,29.0,48.0,20.0,16.0,9.0,6.0,2.0,16,92,30.0,72.0,21.0,38.0,9.0,34.0,4.0,8.0,/es/basketballworldcup/2023/game/0309/Italy-Puerto-Rico,1.0,57.0,54.0,20.0,28.0,14.0,26.0,6.0,14.0,11.0,5.0,24.0,14.0,11.0,6.0,13.0
13,Totales,Puerto Rico,200,57.0,20/54  37%,14/28  50%,6/26  23.1%,11/14  78.6%,5.0,24.0,29.0,14.0,13.0,11.0,6.0,3.0,-16,56,20.0,54.0,14.0,28.0,6.0,26.0,11.0,14.0,/es/basketballworldcup/2023/game/0309/Italy-Puerto-Rico,0.0,73.0,72.0,30.0,38.0,21.0,34.0,9.0,8.0,4.0,19.0,29.0,20.0,9.0,6.0,16.0
13,Totales,Grecia,200,69.0,26/62  41.9%,18/32  56.2%,8/30  26.7%,9/13  69.2%,11.0,21.0,32.0,18.0,23.0,14.0,5.0,3.0,-4,67,26.0,62.0,18.0,32.0,8.0,30.0,9.0,13.0,/es/basketballworldcup/2023/game/0309/Grecia-Montenegro,0.0,73.0,62.0,28.0,45.0,25.0,17.0,3.0,20.0,14.0,13.0,28.0,20.0,12.0,8.0,23.0
13,Totales,Montenegro,200,73.0,28/62  45.2%,25/45  55.6%,3/17  17.6%,14/20  70%,13.0,28.0,41.0,20.0,23.0,12.0,8.0,0.0,4,89,28.0,62.0,25.0,45.0,3.0,17.0,14.0,20.0,/es/basketballworldcup/2023/game/0309/Grecia-Montenegro,1.0,69.0,62.0,26.0,32.0,18.0,30.0,8.0,13.0,9.0,11.0,21.0,18.0,14.0,5.0,23.0
13,Totales,Brasil,200,84.0,29/64  45.3%,22/40  55%,7/24  29.2%,19/24  79.2%,13.0,23.0,36.0,21.0,19.0,11.0,2.0,1.0,-20,90,29.0,64.0,22.0,40.0,7.0,24.0,19.0,24.0,/es/basketballworldcup/2023/game/0309/Brasil-Letonia,0.0,104.0,66.0,38.0,33.0,22.0,33.0,16.0,12.0,12.0,5.0,21.0,24.0,6.0,3.0,24.0
13,Totales,Letonia,200,104.0,38/66  57.6%,22/33  66.7%,16/33  48.5%,12/12  100%,5.0,21.0,26.0,24.0,24.0,6.0,3.0,3.0,20,125,38.0,66.0,22.0,33.0,16.0,33.0,12.0,12.0,/es/basketballworldcup/2023/game/0309/Brasil-Letonia,1.0,84.0,64.0,29.0,40.0,22.0,24.0,7.0,24.0,19.0,13.0,23.0,21.0,11.0,2.0,19.0
13,Totales,Alemania,200,100.0,35/64  54.7%,20/33  60.6%,15/31  48.4%,15/17  88.2%,9.0,30.0,39.0,26.0,20.0,14.0,9.0,3.0,29,131,35.0,64.0,20.0,33.0,15.0,31.0,15.0,17.0,/es/basketballworldcup/2023/game/0309/Germany-Slovenia,1.0,71.0,61.0,25.0,29.0,18.0,32.0,7.0,21.0,14.0,8.0,20.0,19.0,13.0,8.0,20.0
13,Totales,Eslovenia,200,71.0,25/61  41%,18/29  62.1%,7/32  21.9%,14/21  66.7%,8.0,20.0,28.0,19.0,20.0,13.0,8.0,1.0,-29,67,25.0,61.0,18.0,29.0,7.0,32.0,14.0,21.0,/es/basketballworldcup/2023/game/0309/Germany-Slovenia,0.0,100.0,64.0,35.0,33.0,20.0,31.0,15.0,17.0,15.0,9.0,30.0,26.0,14.0,9.0,20.0
13,Totales,República Dominicana,200,79.0,27/63  42.9%,16/34  47.1%,11/29  37.9%,14/14  100%,8.0,17.0,25.0,17.0,20.0,21.0,5.0,2.0,-33,69,27.0,63.0,16.0,34.0,11.0,29.0,14.0,14.0,/es/basketballworldcup/2023/game/0309/República-Dominicana-Serbia,0.0,112.0,66.0,43.0,41.0,35.0,25.0,8.0,25.0,18.0,5.0,27.0,30.0,12.0,11.0,15.0
13,Totales,Serbia,200,112.0,43/66  65.2%,35/41  85.4%,8/25  32%,18/25  72%,5.0,27.0,32.0,30.0,15.0,12.0,11.0,3.0,33,146,43.0,66.0,35.0,41.0,8.0,25.0,18.0,25.0,/es/basketballworldcup/2023/game/0309/República-Dominicana-Serbia,1.0,79.0,63.0,27.0,34.0,16.0,29.0,11.0,14.0,14.0,8.0,17.0,17.0,21.0,5.0,20.0
13,Totales,USA,200,104.0,39/73  53.4%,28/44  63.6%,11/29  37.9%,15/19  78.9%,9,18,27,26.0,27,12,8.0,7.0,-6.0,120.0,39.0,73.0,28.0,44.0,11.0,29.0,15.0,19.0,/es/basketballworldcup/2023/game/0309/USA-Lithuania,0.0,110.0,72.0,38.0,47.0,24.0,25.0,14.0,25.0,20.0,18.0,25.0,23.0,19.0,7.0,25.0
13,Totales,Lituania,200,110.0,38/72  52.8%,24/47  51.1%,14/25  56%,20/25  80%,18.0,25.0,43.0,23.0,25.0,19.0,7.0,2.0,6,124,38.0,72.0,24.0,47.0,14.0,25.0,20.0,25.0,/es/basketballworldcup/2023/game/0309/USA-Lithuania,1.0,104.0,73.0,39.0,44.0,28.0,29.0,11.0,19.0,15.0,9.0,18.0,26.0,12.0,8.0,27.0
13,Totales,España,200,85.0,29/62  46.8%,20/36  55.6%,9/26  34.6%,18/20  90%,11.0,21.0,32.0,28.0,28.0,14.0,7.0,4.0,-3,101,29.0,62.0,20.0,36.0,9.0,26.0,18.0,20.0,/es/basketballworldcup/2023/game/0309/España-Canadá,0.0,88.0,57.0,28.0,33.0,17.0,24.0,11.0,25.0,21.0,9.0,22.0,18.0,15.0,6.0,22.0
13,Totales,Canadá,200,88.0,28/57  49.1%,17/33  51.5%,11/24  45.8%,21/25  84%,9.0,22.0,31.0,18.0,22.0,15.0,6.0,4.0,3,97,28.0,57.0,17.0,33.0,11.0,24.0,21.0,25.0,/es/basketballworldcup/2023/game/0309/España-Canadá,1.0,85.0,62.0,29.0,36.0,20.0,26.0,9.0,20.0,18.0,11.0,21.0,28.0,14.0,7.0,28.0
13,Totales,Lituania,200,68.0,24/56  42.9%,15/28  53.6%,9/28  32.1%,11/15  73.3%,8.0,20.0,28.0,21.0,19.0,15.0,3.0,2.0,-19,71,24.0,56.0,15.0,28.0,9.0,28.0,11.0,15.0,/es/basketballworldcup/2023/game/0509/Lituania-Serbia,0.0,87.0,60.0,33.0,38.0,24.0,22.0,9.0,18.0,12.0,9.0,24.0,23.0,8.0,9.0,21.0
13,Totales,Serbia,200,87.0,33/60  55%,24/38  63.2%,9/22  40.9%,12/18  66.7%,9.0,24.0,33.0,23.0,21.0,8.0,9.0,1.0,19,112,33.0,60.0,24.0,38.0,9.0,22.0,12.0,18.0,/es/basketballworldcup/2023/game/0509/Lituania-Serbia,1.0,68.0,56.0,24.0,28.0,15.0,28.0,9.0,15.0,11.0,8.0,20.0,21.0,15.0,3.0,19.0
13,Totales,Italia,200,63.0,23/75  30.7%,16/37  43.2%,7/38  18.4%,10/13  76.9%,9,24,33,18.0,17,14,10.0,2.0,-37.0,55.0,23.0,75.0,16.0,37.0,7.0,38.0,10.0,13.0,/es/basketballworldcup/2023/game/0509/Italia-USA,0.0,100.0,67.0,36.0,31.0,19.0,36.0,17.0,15.0,11.0,8.0,43.0,22.0,19.0,7.0,17.0
13,Totales,USA,200,100.0,36/67  53.7%,19/31  61.3%,17/36  47.2%,11/15  73.3%,8,43,51,22.0,17,19,7.0,6.0,37.0,129.0,36.0,67.0,19.0,31.0,17.0,36.0,11.0,15.0,/es/basketballworldcup/2023/game/0509/Italia-USA,1.0,63.0,75.0,23.0,37.0,16.0,38.0,7.0,13.0,10.0,9.0,24.0,18.0,14.0,10.0,17.0
13,Totales,Alemania,200,81.0,28/70  40%,20/44  45.5%,8/26  30.8%,17/19  89.5%,14.0,28.0,42.0,10.0,17.0,8.0,7.0,0.0,2,87,28.0,70.0,20.0,44.0,8.0,26.0,17.0,19.0,/es/basketballworldcup/2023/game/0609/Alemania-Letonia,1.0,79.0,65.0,29.0,31.0,16.0,34.0,13.0,10.0,8.0,6.0,29.0,19.0,10.0,5.0,19.0
13,Totales,Letonia,200,79.0,29/65  44.6%,16/31  51.6%,13/34  38.2%,8/10  80%,6.0,29.0,35.0,19.0,19.0,10.0,5.0,3.0,-2,90,29.0,65.0,16.0,31.0,13.0,34.0,8.0,10.0,/es/basketballworldcup/2023/game/0609/Alemania-Letonia,0.0,81.0,70.0,28.0,44.0,20.0,26.0,8.0,19.0,17.0,14.0,28.0,10.0,8.0,7.0,17.0
13,Totales,Canadá,200,100.0,31/61  50.8%,20/31  64.5%,11/30  36.7%,27/33  81.8%,12.0,26.0,38.0,16.0,21.0,11.0,6.0,1.0,11,114,31.0,61.0,20.0,31.0,11.0,30.0,27.0,33.0,/es/basketballworldcup/2023/game/0609/Canadá-Eslovenia,1.0,89.0,66.0,29.0,35.0,14.0,31.0,15.0,19.0,16.0,11.0,19.0,14.0,10.0,5.0,29.0
13,Totales,Eslovenia,200,89.0,29/66  43.9%,14/35  40%,15/31  48.4%,16/19  84.2%,11.0,19.0,30.0,14.0,29.0,10.0,5.0,0.0,-11,86,29.0,66.0,14.0,35.0,15.0,31.0,16.0,19.0,/es/basketballworldcup/2023/game/0609/Canadá-Eslovenia,0.0,100.0,61.0,31.0,31.0,20.0,30.0,11.0,33.0,27.0,12.0,26.0,16.0,11.0,6.0,21.0
13,Totales,Italia,200,82.0,30/65  46.2%,19/33  57.6%,11/32  34.4%,11/18  61.1%,14.0,20.0,34.0,21.0,15.0,12.0,9.0,1.0,-5,91,30.0,65.0,19.0,33.0,11.0,32.0,11.0,18.0,/es/basketballworldcup/2023/game/0709/Italia-Letonia,0.0,87.0,59.0,35.0,28.0,20.0,31.0,15.0,4.0,2.0,4.0,22.0,26.0,14.0,7.0,22.0
13,Totales,Letonia,200,87.0,35/59  59.3%,20/28  71.4%,15/31  48.4%,2/4  50%,4.0,22.0,26.0,26.0,22.0,14.0,7.0,3.0,5,108,35.0,59.0,20.0,28.0,15.0,31.0,2.0,4.0,/es/basketballworldcup/2023/game/0709/Italia-Letonia,1.0,82.0,65.0,30.0,33.0,19.0,32.0,11.0,18.0,11.0,14.0,20.0,21.0,12.0,9.0,15.0
13,Totales,Lituania,200,100.0,38/64  59.4%,24/39  61.5%,14/25  56%,10/10  100%,8.0,22.0,30.0,28.0,22.0,10.0,11.0,3.0,16,132,38.0,64.0,24.0,39.0,14.0,25.0,10.0,10.0,/es/basketballworldcup/2023/game/0709/Lituania-Eslovenia,1.0,84.0,61.0,23.0,21.0,8.0,40.0,15.0,28.0,23.0,16.0,18.0,12.0,14.0,8.0,18.0
13,Totales,Eslovenia,200,84.0,23/61  37.7%,8/21  38.1%,15/40  37.5%,23/28  82.1%,16.0,18.0,34.0,12.0,18.0,14.0,8.0,1.0,-16,81,23.0,61.0,8.0,21.0,15.0,40.0,23.0,28.0,/es/basketballworldcup/2023/game/0709/Lituania-Eslovenia,0.0,100.0,64.0,38.0,39.0,24.0,25.0,14.0,10.0,10.0,8.0,22.0,28.0,10.0,11.0,22.0
13,Totales,Serbia,200,95.0,36/58  62.1%,27/38  71.1%,9/20  45%,14/20  70%,10.0,23.0,33.0,18.0,22.0,17.0,8.0,2.0,9,106,36.0,58.0,27.0,38.0,9.0,20.0,14.0,20.0,/es/basketballworldcup/2023/game/0809/Serbia-Canadá,1.0,86.0,56.0,27.0,29.0,17.0,27.0,10.0,27.0,22.0,7.0,15.0,18.0,13.0,9.0,25.0
13,Totales,Canadá,200,86.0,27/56  48.2%,17/29  58.6%,10/27  37%,22/27  81.5%,7,15,22,18.0,25,13,9.0,2.0,-9.0,88.0,27.0,56.0,17.0,29.0,10.0,27.0,22.0,27.0,/es/basketballworldcup/2023/game/0809/Serbia-Canadá,0.0,95.0,58.0,36.0,38.0,27.0,20.0,9.0,20.0,14.0,10.0,23.0,18.0,17.0,8.0,22.0
13,Totales,USA,200,111.0,38/65  58.5%,26/40  65%,12/25  48%,23/24  95.8%,7.0,21.0,28.0,25.0,17.0,9.0,6.0,5.0,-2,136,38.0,65.0,26.0,40.0,12.0,25.0,23.0,24.0,/es/basketballworldcup/2023/game/0809/USA-Alemania,0.0,113.0,71.0,41.0,41.0,28.0,30.0,13.0,22.0,18.0,12.0,18.0,30.0,10.0,5.0,21.0
13,Totales,Alemania,200,113.0,41/71  57.7%,28/41  68.3%,13/30  43.3%,18/22  81.8%,12.0,18.0,30.0,30.0,21.0,10.0,5.0,3.0,2,133,41.0,71.0,28.0,41.0,13.0,30.0,18.0,22.0,/es/basketballworldcup/2023/game/0809/USA-Alemania,1.0,111.0,65.0,38.0,40.0,26.0,25.0,12.0,24.0,23.0,7.0,21.0,25.0,9.0,6.0,17.0
13,Totales,Italia,200,85.0,33/73  45.2%,23/38  60.5%,10/35  28.6%,9/10  90%,13,22,35,18.0,25,16,11.0,2.0,-4.0,90.0,33.0,73.0,23.0,38.0,10.0,35.0,9.0,10.0,/es/basketballworldcup/2023/game/0909/Italy-Slovenia,0.0,89.0,53.0,27.0,24.0,14.0,29.0,13.0,28.0,22.0,6.0,26.0,18.0,18.0,5.0,17.0
13,Totales,Eslovenia,200,89.0,27/53  50.9%,14/24  58.3%,13/29  44.8%,22/28  78.6%,6.0,26.0,32.0,18.0,17.0,18.0,5.0,1.0,4,91,27.0,53.0,14.0,24.0,13.0,29.0,22.0,28.0,/es/basketballworldcup/2023/game/0909/Italy-Slovenia,1.0,85.0,73.0,33.0,38.0,23.0,35.0,10.0,10.0,9.0,13.0,22.0,18.0,16.0,11.0,25.0
13,Totales,Letonia,200,98.0,35/69  50.7%,19/37  51.4%,16/32  50%,12/18  66.7%,7.0,38.0,45.0,34.0,18.0,3.0,4.0,4.0,35,139,35.0,69.0,19.0,37.0,16.0,32.0,12.0,18.0,/es/basketballworldcup/2023/game/0909/Letonia-Lituania,1.0,63.0,69.0,24.0,43.0,19.0,26.0,5.0,20.0,10.0,11.0,28.0,11.0,6.0,1.0,18.0
13,Totales,Lituania,200,63.0,24/69  34.8%,19/43  44.2%,5/26  19.2%,10/20  50%,11.0,28.0,39.0,11.0,18.0,6.0,1.0,3.0,-35,55,24.0,69.0,19.0,43.0,5.0,26.0,10.0,20.0,/es/basketballworldcup/2023/game/0909/Letonia-Lituania,0.0,98.0,69.0,35.0,37.0,19.0,32.0,16.0,18.0,12.0,7.0,38.0,34.0,3.0,4.0,18.0
13,Totales,USA,225,118.0,42/81  51.9%,32/54  59.3%,10/27  37%,24/32  75%,15.0,28.0,43.0,21.0,21.0,14.0,6.0,3.0,-9,127,42.0,81.0,32.0,54.0,10.0,27.0,24.0,32.0,/es/basketballworldcup/2023/game/1009/USA-Canada,0.0,127.0,84.0,43.0,47.0,26.0,37.0,17.0,28.0,24.0,11.0,29.0,29.0,12.0,6.0,24.0
13,Totales,Canadá,225,127.0,43/84  51.2%,26/47  55.3%,17/37  45.9%,24/28  85.7%,11.0,29.0,40.0,29.0,24.0,12.0,6.0,5.0,9,148,43.0,84.0,26.0,47.0,17.0,37.0,24.0,28.0,/es/basketballworldcup/2023/game/1009/USA-Canada,1.0,118.0,81.0,42.0,54.0,32.0,27.0,10.0,32.0,24.0,15.0,28.0,21.0,14.0,6.0,21.0
13,Totales,Alemania,200,83.0,27/55  49.1%,20/33  60.6%,7/22  31.8%,22/25  88%,11.0,24.0,35.0,13.0,21.0,14.0,5.0,1.0,6,88,27.0,55.0,20.0,33.0,7.0,22.0,22.0,25.0,/es/basketballworldcup/2023/game/1009/Germany-Serbia,1.0,77.0,62.0,26.0,33.0,17.0,29.0,9.0,19.0,16.0,12.0,17.0,14.0,12.0,9.0,22.0
13,Totales,Serbia,200,77.0,26/62  41.9%,17/33  51.5%,9/29  31%,16/19  84.2%,12.0,17.0,29.0,14.0,22.0,12.0,9.0,2.0,-6,79,26.0,62.0,17.0,33.0,9.0,29.0,16.0,19.0,/es/basketballworldcup/2023/game/1009/Germany-Serbia,0.0,83.0,55.0,27.0,33.0,20.0,22.0,7.0,25.0,22.0,11.0,24.0,13.0,14.0,5.0,21.0
